1,"2026-07-01 00:42:33","10.0.0.105","10.0.0.149","dchen","dns","dns_query","low","","DNS query resolved for office365.com",0,""
2,"2026-07-01 01:28:51","192.168.1.123","192.168.1.163","guest","endpoint","backup_job","low","","Backup job completed successfully on host",0,""
3,"2026-07-01 01:54:39","192.168.1.4","10.0.0.240","root","auth","login_success","low","","Successful HTTPS login for user root",0,""
4,"2026-07-01 02:03:46","192.168.1.140","192.168.1.58","svc_monitor","firewall","allowed_connection","low","","Outbound connection allowed to office365.com",0,""
5,"2026-07-01 03:12:27","192.168.1.215","10.0.0.82","mrodriguez","endpoint","software_update","low","","Scheduled update applied: update.msi",0,""
6,"2026-07-01 03:16:21","10.0.0.172","10.0.0.118","jsmith","proxy","phishing_click","medium","T1566","User jsmith clicked link in suspicious email",1,""
7,"2026-07-01 03:56:56","10.0.0.234","10.0.0.209","klee","firewall","port_scan","high","T1046","Port scan detected, 30 ports probed from 10.0.0.234",1,""
8,"2026-07-01 04:56:35","168.185.77.254","192.168.1.75","root","proxy","phishing_click","medium","T1566","User root clicked link in suspicious email",1,""
9,"2026-07-01 05:51:50","10.0.0.3","10.0.0.159","asingh","dns","dns_query","low","","DNS query resolved for office365.com",0,""
10,"2026-07-01 07:43:43","10.0.0.200","192.168.1.58","svc_web","proxy","web_browsing","low","","User svc_web browsed zoom.us",0,""
11,"2026-07-01 07:47:04","192.168.1.74","192.168.1.133","svc_monitor","endpoint","file_access","low","T1005","User svc_monitor accessed //fileserver/finance",0,""
12,"2026-07-01 08:02:56","192.168.1.87","192.168.1.105","rwilliams","auth","login_success","low","","Successful HTTP login for user rwilliams",0,""
13,"2026-07-01 08:18:16","12.100.24.105","192.168.1.158","tnguyen","firewall","port_scan","high","T1046","Port scan detected, 28 ports probed from 12.100.24.105",1,""
14,"2026-07-01 09:33:18","10.0.0.236","10.0.0.41","rwilliams","endpoint","backup_job","low","","Backup job completed successfully on host",0,""
15,"2026-07-01 10:44:39","192.168.1.193","10.0.0.211","tnguyen","endpoint","backup_job","low","","Backup job completed successfully on host",0,""
16,"2026-07-01 11:25:22","10.0.0.133","192.168.1.230","guest","firewall","allowed_connection","low","","Outbound connection allowed to slack.com",0,""
17,"2026-07-01 12:19:29","10.0.0.183","10.0.0.88","svc_web","auth","password_change","low","","User svc_web changed their password",0,""
18,"2026-07-01 13:48:49","10.0.0.204","192.168.1.183","admin","auth","login_success","low","","Successful VPN login for user admin",0,""
19,"2026-07-01 15:03:13","223.13.248.104","192.168.1.66","kpatel","proxy","phishing_click","medium","T1566","User kpatel clicked link in suspicious email",1,""
20,"2026-07-01 15:15:50","10.0.0.145","10.0.0.243","guest","auth","login_success","low","","Successful RDP login for user guest",0,""
21,"2026-07-01 15:40:42","192.168.1.121","192.168.1.44","admin","dns","dns_query","low","","DNS query resolved for office365.com",0,""
22,"2026-07-01 16:51:02","10.0.0.72","192.168.1.108","kpatel","auth","login_success","low","","Successful SSH login for user kpatel",0,""
23,"2026-07-01 16:54:15","10.0.0.172","10.0.0.115","root","firewall","allowed_connection","low","","Outbound connection allowed to company-intranet.local",0,""
24,"2026-07-01 19:02:29","10.0.0.34","192.168.1.165","svc_monitor","dns","dns_query","low","","DNS query resolved for slack.com",0,""
25,"2026-07-01 20:28:05","10.0.0.224","10.0.0.216","jdoe","endpoint","software_update","low","","Scheduled update applied: update.msi",0,""
26,"2026-07-01 22:08:58","10.0.0.211","10.0.0.113","guest","dns","dns_query","low","","DNS query resolved for github.com",0,""
27,"2026-07-01 22:12:40","10.0.0.68","10.0.0.44","svc_monitor","auth","login_success","low","","Successful VPN login for user svc_monitor",0,""
28,"2026-07-01 22:14:38","192.168.1.100","10.0.0.181","klee","auth","password_change","low","","User klee changed their password",0,""
29,"2026-07-02 00:47:40","172.73.139.99","10.0.0.141","jdoe","auth","account_lockout","medium","T1110","Account jdoe locked after repeated failures",1,""
30,"2026-07-02 01:26:35","192.168.1.193","10.0.0.70","guest","endpoint","software_update","low","","Scheduled update applied: report.docx",0,""
31,"2026-07-02 02:02:25","155.144.50.51","10.0.0.125","asingh","firewall","port_scan","high","T1046","Port scan detected, 8 ports probed from 155.144.50.51",1,""
32,"2026-07-02 02:32:05","209.174.69.2","10.0.0.98","guest","auth","account_lockout","medium","T1110","Account guest locked after repeated failures",1,""
33,"2026-07-02 04:11:53","192.168.1.92","10.0.0.148","kpatel","proxy","web_browsing","low","","User kpatel browsed github.com",0,""
34,"2026-07-02 04:28:56","192.168.1.189","192.168.1.206","asingh","auth","account_lockout","medium","T1110","Account asingh locked after repeated failures",1,""
35,"2026-07-02 07:22:55","12.44.171.199","192.168.1.7","svc_web","firewall","port_scan","high","T1046","Port scan detected, 30 ports probed from 12.44.171.199",1,""
36,"2026-07-02 08:57:38","192.168.1.245","192.168.1.243","svc_monitor","proxy","web_browsing","low","","User svc_monitor browsed slack.com",0,""
37,"2026-07-02 09:06:39","192.168.1.87","192.168.1.114","dchen","firewall","allowed_connection","low","","Outbound connection allowed to slack.com",0,""
38,"2026-07-02 09:07:31","10.0.0.139","192.168.1.98","jdoe","endpoint","backup_job","low","","Backup job completed successfully on host",0,""
39,"2026-07-02 09:08:46","192.168.1.113","10.0.0.160","kpatel","proxy","web_browsing","low","","User kpatel browsed zoom.us",0,""
40,"2026-07-02 10:36:42","221.36.40.194","10.0.0.230","mrodriguez","proxy","phishing_click","medium","T1566","User mrodriguez clicked link in suspicious email",1,""
41,"2026-07-02 10:46:40","10.0.0.76","192.168.1.200","kpatel","proxy","web_browsing","low","","User kpatel browsed zoom.us",0,""
42,"2026-07-02 11:52:44","192.168.1.129","192.168.1.20","mrodriguez","auth","login_success","low","","Successful SSH login for user mrodriguez",0,""
43,"2026-07-02 11:57:59","10.0.0.188","192.168.1.22","root","firewall","port_scan","high","T1046","Port scan detected, 38 ports probed from 10.0.0.188",1,""
44,"2026-07-02 11:59:45","10.0.0.161","10.0.0.47","root","endpoint","software_update","low","","Scheduled update applied: update.msi",0,""
45,"2026-07-02 15:19:42","10.0.0.30","192.168.1.17","asingh","firewall","allowed_connection","low","","Outbound connection allowed to slack.com",0,""
46,"2026-07-02 17:34:10","192.168.1.239","192.168.1.21","klee","proxy","web_browsing","low","","User klee browsed company-intranet.local",0,""
47,"2026-07-02 21:44:38","192.168.1.192","10.0.0.115","jdoe","firewall","allowed_connection","low","","Outbound connection allowed to office365.com",0,""
48,"2026-07-02 22:34:52","192.168.1.43","192.168.1.217","svc_backup","auth","login_success","low","","Successful RDP login for user svc_backup",0,""
49,"2026-07-02 22:54:09","10.0.0.54","192.168.1.137","svc_backup","firewall","allowed_connection","low","","Outbound connection allowed to zoom.us",0,""
50,"2026-07-02 23:55:03","192.168.1.115","10.0.0.244","root","dns","dns_query","low","","DNS query resolved for company-intranet.local",0,""
51,"2026-07-03 00:17:21","64.82.163.175","192.168.1.66","svc_web","proxy","phishing_click","medium","T1566","User svc_web clicked link in suspicious email",1,""
52,"2026-07-03 00:22:14","192.168.1.70","10.0.0.95","admin","endpoint","software_update","low","","Scheduled update applied: backup.zip",0,""
53,"2026-07-03 01:59:00","133.51.238.25","10.0.0.105","root","firewall","port_scan","high","T1046","Reconnaissance scan detected, 34 ports probed from 133.51.238.25",1,"CMP-004"
54,"2026-07-03 02:34:17","192.168.1.213","10.0.0.129","mrodriguez","endpoint","software_update","low","","Scheduled update applied: update.msi",0,""
55,"2026-07-03 03:02:01","37.46.183.209","10.0.0.187","mrodriguez","firewall","port_scan","high","T1046","Port scan detected, 27 ports probed from 37.46.183.209",1,""
56,"2026-07-03 04:23:00","10.0.0.105","10.0.0.105","root","auth","login_success","medium","T1078","Suspicious successful login for root following brute force",1,"CMP-004"
57,"2026-07-03 04:41:59","192.168.1.111","192.168.1.132","root","auth","login_success","low","","Successful VPN login for user root",0,""
58,"2026-07-03 04:47:00","10.0.0.105","10.0.0.105","root","endpoint","malware_detected","critical","T1105","Malicious executable detected: update.dll",1,"CMP-004"
59,"2026-07-03 05:26:50","192.168.1.141","192.168.1.84","root","endpoint","file_access","low","T1005","User root accessed //fileserver/engineering",0,""
60,"2026-07-03 06:17:00","10.0.0.105","10.0.0.105","root","endpoint","privilege_escalation","high","T1068","Attempt to escalate privileges for account root",1,"CMP-004"
61,"2026-07-03 06:39:00","10.0.0.105","10.0.0.105","root","dns","dns_tunneling","high","T1071","Abnormal DNS query pattern to domain cdn-metrics.io",1,"CMP-004"
62,"2026-07-03 07:32:00","24.113.39.147","192.168.1.172","jdoe","firewall","port_scan","high","T1046","Reconnaissance scan detected, 74 ports probed from 24.113.39.147",1,"CMP-001"
63,"2026-07-03 08:10:22","192.168.1.199","10.0.0.50","asingh","endpoint","backup_job","low","","Backup job completed successfully on host",0,""
64,"2026-07-03 08:12:00","24.113.39.147","192.168.1.172","jdoe","auth","brute_force","high","T1110","Multiple failed auth attempts (50) against jdoe in short window",1,"CMP-001"
65,"2026-07-03 08:16:37","192.168.1.46","192.168.1.81","root","endpoint","file_access","low","T1005","User root accessed //fileserver/finance",0,""
66,"2026-07-03 08:32:30","192.168.1.78","10.0.0.207","jsmith","dns","dns_query","low","","DNS query resolved for office365.com",0,""
67,"2026-07-03 09:11:00","192.168.1.172","192.168.1.172","jdoe","endpoint","privilege_escalation","high","T1068","Attempt to escalate privileges for account jdoe",1,"CMP-001"
68,"2026-07-03 09:48:00","192.168.1.172","192.168.1.172","jdoe","auth","login_success","medium","T1078","Suspicious successful login for jdoe following brute force",1,"CMP-001"
69,"2026-07-03 10:04:00","192.168.1.172","192.168.1.172","jdoe","endpoint","malware_detected","critical","T1105","Malicious executable detected: payload.bin",1,"CMP-001"
70,"2026-07-03 10:33:36","192.168.1.165","192.168.1.75","svc_monitor","auth","login_success","low","","Successful HTTPS login for user svc_monitor",0,""
71,"2026-07-03 11:31:39","192.168.1.7","192.168.1.66","admin","firewall","allowed_connection","low","","Outbound connection allowed to zoom.us",0,""
72,"2026-07-03 11:32:33","10.0.0.97","10.0.0.37","svc_backup","auth","password_change","low","","User svc_backup changed their password",0,""
73,"2026-07-03 12:02:21","192.168.1.61","10.0.0.28","jdoe","endpoint","file_access","low","T1005","User jdoe accessed //fileserver/finance",0,""
74,"2026-07-03 14:31:44","10.0.0.150","10.0.0.8","svc_backup","endpoint","software_update","low","","Scheduled update applied: report.docx",0,""
75,"2026-07-03 17:06:03","10.0.0.99","192.168.1.61","rwilliams","endpoint","software_update","low","","Scheduled update applied: report.docx",0,""
76,"2026-07-03 17:33:59","10.0.0.102","192.168.1.119","jsmith","dns","dns_query","low","","DNS query resolved for slack.com",0,""
77,"2026-07-03 21:29:02","10.0.0.219","192.168.1.117","dchen","auth","login_success","low","","Successful HTTPS login for user dchen",0,""
78,"2026-07-03 22:04:27","10.0.0.150","192.168.1.70","dchen","firewall","port_scan","high","T1046","Port scan detected, 28 ports probed from 10.0.0.150",1,""
79,"2026-07-03 22:38:47","10.0.0.128","10.0.0.205","mrodriguez","firewall","allowed_connection","low","","Outbound connection allowed to office365.com",0,""
80,"2026-07-04 02:53:26","10.0.0.64","10.0.0.202","klee","endpoint","backup_job","low","","Backup job completed successfully on host",0,""
81,"2026-07-04 03:31:28","192.168.1.80","10.0.0.207","jdoe","endpoint","file_access","low","T1005","User jdoe accessed //fileserver/hr",0,""
82,"2026-07-04 04:14:35","10.0.0.100","10.0.0.126","jdoe","dns","dns_query","low","","DNS query resolved for slack.com",0,""
83,"2026-07-04 05:18:30","192.168.1.70","192.168.1.125","jdoe","endpoint","file_access","low","T1005","User jdoe accessed //fileserver/engineering",0,""
84,"2026-07-04 06:58:02","10.0.0.15","10.0.0.59","jdoe","endpoint","file_access","low","T1005","User jdoe accessed //fileserver/hr",0,""
85,"2026-07-04 07:33:26","192.168.1.27","10.0.0.191","svc_web","auth","login_success","low","","Successful HTTP login for user svc_web",0,""
86,"2026-07-04 08:14:42","192.168.1.50","10.0.0.192","tnguyen","proxy","web_browsing","low","","User tnguyen browsed zoom.us",0,""
87,"2026-07-04 09:34:34","192.168.1.224","192.168.1.17","svc_web","dns","dns_query","low","","DNS query resolved for slack.com",0,""
88,"2026-07-04 09:37:18","192.168.1.124","192.168.1.70","kpatel","endpoint","backup_job","low","","Backup job completed successfully on host",0,""
89,"2026-07-04 10:23:25","192.168.1.87","10.0.0.26","jdoe","auth","password_change","low","","User jdoe changed their password",0,""
90,"2026-07-04 10:25:31","192.168.1.10","10.0.0.249","rwilliams","auth","password_change","low","","User rwilliams changed their password",0,""
91,"2026-07-04 11:00:59","192.168.1.4","10.0.0.217","jsmith","auth","password_change","low","","User jsmith changed their password",0,""
92,"2026-07-04 11:45:32","10.0.0.31","192.168.1.77","svc_monitor","proxy","web_browsing","low","","User svc_monitor browsed company-intranet.local",0,""
93,"2026-07-04 14:42:20","192.168.1.213","192.168.1.68","guest","firewall","allowed_connection","low","","Outbound connection allowed to github.com",0,""
94,"2026-07-04 14:57:03","192.168.1.220","192.168.1.152","jdoe","endpoint","software_update","low","","Scheduled update applied: invoice.pdf",0,""
95,"2026-07-04 15:53:15","10.0.0.169","192.168.1.243","root","auth","password_change","low","","User root changed their password",0,""
96,"2026-07-04 16:10:16","10.0.0.27","10.0.0.94","root","proxy","web_browsing","low","","User root browsed slack.com",0,""
97,"2026-07-04 18:09:57","10.0.0.2","10.0.0.24","jsmith","endpoint","software_update","low","","Scheduled update applied: update.msi",0,""
98,"2026-07-04 19:46:22","10.0.0.179","10.0.0.212","jdoe","auth","login_success","low","","Successful RDP login for user jdoe",0,""
99,"2026-07-04 21:15:30","10.0.0.214","10.0.0.177","guest","endpoint","file_access","low","T1005","User guest accessed //fileserver/engineering",0,""
100,"2026-07-04 23:19:34","10.0.0.85","192.168.1.153","kpatel","firewall","allowed_connection","low","","Outbound connection allowed to company-intranet.local",0,""
101,"2026-07-05 03:33:27","192.168.1.233","10.0.0.154","kpatel","endpoint","unusual_login_time","medium","T1078","Login for kpatel occurred outside normal hours",1,""
102,"2026-07-05 03:54:00","192.168.1.164","192.168.1.230","asingh","endpoint","backup_job","low","","Backup job completed successfully on host",0,""
103,"2026-07-05 04:32:25","10.0.0.232","192.168.1.213","asingh","auth","login_success","low","","Successful VPN login for user asingh",0,""
104,"2026-07-05 05:26:15","10.0.0.122","10.0.0.80","guest","endpoint","software_update","low","","Scheduled update applied: backup.zip",0,""
105,"2026-07-05 07:40:49","10.0.0.193","192.168.1.155","mrodriguez","auth","password_change","low","","User mrodriguez changed their password",0,""
106,"2026-07-05 08:08:11","192.168.1.88","192.168.1.233","tnguyen","auth","password_change","low","","User tnguyen changed their password",0,""
107,"2026-07-05 09:01:20","192.168.1.119","10.0.0.155","admin","auth","password_change","low","","User admin changed their password",0,""
108,"2026-07-05 11:47:31","192.168.1.108","10.0.0.111","tnguyen","firewall","allowed_connection","low","","Outbound connection allowed to zoom.us",0,""
109,"2026-07-05 12:14:00","43.77.176.198","10.0.0.73","kpatel","firewall","port_scan","high","T1046","Reconnaissance scan detected, 65 ports probed from 43.77.176.198",1,"CMP-009"
110,"2026-07-05 12:51:52","192.168.1.242","192.168.1.173","tnguyen","auth","password_change","low","","User tnguyen changed their password",0,""
111,"2026-07-05 12:57:33","192.168.1.65","192.168.1.83","tnguyen","dns","dns_query","low","","DNS query resolved for company-intranet.local",0,""
112,"2026-07-05 13:00:00","10.0.0.73","10.0.0.73","kpatel","auth","login_success","medium","T1078","Suspicious successful login for kpatel following brute force",1,"CMP-009"
113,"2026-07-05 13:27:19","192.168.1.146","192.168.1.173","root","endpoint","backup_job","low","","Backup job completed successfully on host",0,""
114,"2026-07-05 13:30:00","43.77.176.198","10.0.0.73","kpatel","auth","brute_force","high","T1110","Multiple failed auth attempts (51) against kpatel in short window",1,"CMP-009"
115,"2026-07-05 13:32:00","10.0.0.73","10.0.0.73","kpatel","endpoint","privilege_escalation","high","T1068","Attempt to escalate privileges for account kpatel",1,"CMP-009"
116,"2026-07-05 14:57:07","10.0.0.19","10.0.0.19","rwilliams","endpoint","software_update","low","","Scheduled update applied: update.msi",0,""
117,"2026-07-05 16:31:08","192.168.1.67","192.168.1.96","asingh","endpoint","file_access","low","T1005","User asingh accessed //fileserver/hr",0,""
118,"2026-07-05 17:26:00","10.0.0.73","10.0.0.73","kpatel","endpoint","malware_detected","critical","T1105","Malicious executable detected: payload.bin",1,"CMP-009"
119,"2026-07-05 18:33:04","192.168.1.89","10.0.0.152","guest","auth","login_success","low","","Successful HTTP login for user guest",0,""
120,"2026-07-05 19:44:00","10.0.0.73","10.0.0.73","kpatel","dns","dns_tunneling","high","T1071","Abnormal DNS query pattern to domain file-drop-secure.ru",1,"CMP-009"
121,"2026-07-05 19:47:10","10.0.0.68","192.168.1.229","dchen","endpoint","backup_job","low","","Backup job completed successfully on host",0,""
122,"2026-07-05 20:03:02","192.168.1.95","192.168.1.78","klee","proxy","web_browsing","low","","User klee browsed office365.com",0,""
123,"2026-07-05 20:09:42","10.0.0.157","192.168.1.155","jdoe","proxy","web_browsing","low","","User jdoe browsed slack.com",0,""
124,"2026-07-06 01:55:40","192.168.1.75","192.168.1.52","jsmith","proxy","web_browsing","low","","User jsmith browsed company-intranet.local",0,""
125,"2026-07-06 02:06:50","192.168.1.61","10.0.0.2","jsmith","firewall","allowed_connection","low","","Outbound connection allowed to slack.com",0,""
126,"2026-07-06 02:13:09","10.0.0.79","192.168.1.21","kpatel","proxy","web_browsing","low","","User kpatel browsed zoom.us",0,""
127,"2026-07-06 04:06:39","192.168.1.88","10.0.0.25","jsmith","endpoint","backup_job","low","","Backup job completed successfully on host",0,""
128,"2026-07-06 04:25:42","10.0.0.219","192.168.1.227","svc_backup","firewall","allowed_connection","low","","Outbound connection allowed to zoom.us",0,""
129,"2026-07-06 06:21:22","195.217.142.77","192.168.1.204","klee","firewall","port_scan","high","T1046","Port scan detected, 18 ports probed from 195.217.142.77",1,""
130,"2026-07-06 06:30:36","27.10.24.254","192.168.1.211","svc_backup","auth","account_lockout","medium","T1110","Account svc_backup locked after repeated failures",1,""
131,"2026-07-06 06:51:41","10.0.0.21","10.0.0.65","svc_backup","firewall","allowed_connection","low","","Outbound connection allowed to office365.com",0,""
132,"2026-07-06 08:07:12","192.168.1.107","10.0.0.9","jsmith","auth","account_lockout","medium","T1110","Account jsmith locked after repeated failures",1,""
133,"2026-07-06 10:13:51","10.0.0.75","192.168.1.222","kpatel","endpoint","backup_job","low","","Backup job completed successfully on host",0,""
134,"2026-07-06 10:19:24","10.0.0.68","192.168.1.227","svc_web","proxy","phishing_click","medium","T1566","User svc_web clicked link in suspicious email",1,""
135,"2026-07-06 10:19:43","211.235.90.164","192.168.1.239","rwilliams","proxy","phishing_click","medium","T1566","User rwilliams clicked link in suspicious email",1,""
136,"2026-07-06 12:04:16","10.0.0.48","192.168.1.22","kpatel","proxy","phishing_click","medium","T1566","User kpatel clicked link in suspicious email",1,""
137,"2026-07-06 12:22:50","10.0.0.206","192.168.1.119","asingh","dns","dns_query","low","","DNS query resolved for slack.com",0,""
138,"2026-07-06 12:40:43","10.0.0.201","192.168.1.99","asingh","proxy","web_browsing","low","","User asingh browsed github.com",0,""
139,"2026-07-06 13:30:02","192.168.1.248","192.168.1.205","guest","auth","password_change","low","","User guest changed their password",0,""
140,"2026-07-06 13:30:43","10.0.0.58","10.0.0.21","dchen","auth","login_success","low","","Successful VPN login for user dchen",0,""
141,"2026-07-06 15:03:26","10.0.0.35","192.168.1.86","jsmith","endpoint","file_access","low","T1005","User jsmith accessed //fileserver/hr",0,""
142,"2026-07-06 15:40:50","10.0.0.94","192.168.1.111","dchen","firewall","allowed_connection","low","","Outbound connection allowed to office365.com",0,""
143,"2026-07-06 17:26:15","192.168.1.13","192.168.1.23","root","dns","dns_query","low","","DNS query resolved for zoom.us",0,""
144,"2026-07-06 17:37:00","168.59.34.248","192.168.1.154","tnguyen","firewall","port_scan","high","T1046","Reconnaissance scan detected, 32 ports probed from 168.59.34.248",1,"CMP-010"
145,"2026-07-06 17:43:51","10.0.0.40","192.168.1.187","guest","endpoint","backup_job","low","","Backup job completed successfully on host",0,""
146,"2026-07-06 17:52:17","10.0.0.197","10.0.0.206","jsmith","auth","login_success","low","","Successful SSH login for user jsmith",0,""
147,"2026-07-06 18:55:00","168.59.34.248","192.168.1.154","tnguyen","auth","brute_force","high","T1110","Multiple failed auth attempts (78) against tnguyen in short window",1,"CMP-010"
148,"2026-07-06 19:02:22","10.0.0.100","192.168.1.109","klee","endpoint","software_update","low","","Scheduled update applied: update.msi",0,""
149,"2026-07-06 19:47:00","192.168.1.154","192.168.1.154","tnguyen","auth","login_success","medium","T1078","Suspicious successful login for tnguyen following brute force",1,"CMP-010"
150,"2026-07-06 19:49:00","192.168.1.154","192.168.1.154","tnguyen","endpoint","privilege_escalation","high","T1068","Attempt to escalate privileges for account tnguyen",1,"CMP-010"
151,"2026-07-06 20:28:38","192.168.1.131","10.0.0.209","jsmith","endpoint","file_access","low","T1005","User jsmith accessed //fileserver/hr",0,""
152,"2026-07-06 20:47:48","10.0.0.105","10.0.0.188","mrodriguez","proxy","web_browsing","low","","User mrodriguez browsed github.com",0,""
153,"2026-07-06 22:02:00","192.168.1.154","192.168.1.154","tnguyen","dns","dns_tunneling","high","T1071","Abnormal DNS query pattern to domain file-drop-secure.ru",1,"CMP-010"
154,"2026-07-06 22:45:00","192.168.1.154","192.168.1.154","tnguyen","endpoint","malware_detected","critical","T1105","Malicious executable detected: svchost32.exe",1,"CMP-010"
155,"2026-07-06 22:52:59","192.168.1.152","10.0.0.145","mrodriguez","endpoint","software_update","low","","Scheduled update applied: invoice.pdf",0,""
156,"2026-07-06 23:44:27","192.168.1.215","192.168.1.33","tnguyen","firewall","allowed_connection","low","","Outbound connection allowed to zoom.us",0,""
157,"2026-07-07 00:16:00","54.117.44.193","10.0.0.89","svc_web","firewall","port_scan","high","T1046","Reconnaissance scan detected, 45 ports probed from 54.117.44.193",1,"CMP-008"
158,"2026-07-07 00:46:00","54.117.44.193","10.0.0.89","svc_web","auth","brute_force","high","T1110","Multiple failed auth attempts (62) against svc_web in short window",1,"CMP-008"
159,"2026-07-07 01:36:40","10.0.0.52","192.168.1.193","svc_monitor","auth","login_success","low","","Successful HTTP login for user svc_monitor",0,""
160,"2026-07-07 01:37:00","10.0.0.89","10.0.0.89","svc_web","endpoint","privilege_escalation","high","T1068","Attempt to escalate privileges for account svc_web",1,"CMP-008"
161,"2026-07-07 02:44:50","192.168.1.76","192.168.1.116","kpatel","endpoint","backup_job","low","","Backup job completed successfully on host",0,""
162,"2026-07-07 02:56:00","10.0.0.89","10.0.0.89","svc_web","auth","login_success","medium","T1078","Suspicious successful login for svc_web following brute force",1,"CMP-008"
163,"2026-07-07 04:00:00","217.238.16.75","10.0.0.173","mrodriguez","firewall","port_scan","high","T1046","Reconnaissance scan detected, 46 ports probed from 217.238.16.75",1,"CMP-011"
164,"2026-07-07 04:20:00","217.238.16.75","10.0.0.173","mrodriguez","auth","brute_force","high","T1110","Multiple failed auth attempts (72) against mrodriguez in short window",1,"CMP-011"
165,"2026-07-07 04:30:02","192.168.1.217","192.168.1.152","admin","firewall","allowed_connection","low","","Outbound connection allowed to github.com",0,""
166,"2026-07-07 05:08:00","10.0.0.173","10.0.0.173","mrodriguez","auth","login_success","medium","T1078","Suspicious successful login for mrodriguez following brute force",1,"CMP-011"
167,"2026-07-07 05:12:00","10.0.0.89","10.0.0.89","svc_web","endpoint","malware_detected","critical","T1105","Malicious executable detected: update.dll",1,"CMP-008"
168,"2026-07-07 05:51:00","10.0.0.89","10.0.0.89","svc_web","dns","dns_tunneling","high","T1071","Abnormal DNS query pattern to domain cdn-metrics.io",1,"CMP-008"
169,"2026-07-07 06:36:00","10.0.0.173","10.0.0.173","mrodriguez","endpoint","malware_detected","critical","T1105","Malicious executable detected: svchost32.exe",1,"CMP-011"
170,"2026-07-07 07:15:00","10.0.0.173","10.0.0.173","mrodriguez","endpoint","privilege_escalation","high","T1068","Attempt to escalate privileges for account mrodriguez",1,"CMP-011"
171,"2026-07-07 10:57:52","10.0.0.111","192.168.1.234","asingh","endpoint","file_access","low","T1005","User asingh accessed //fileserver/finance",0,""
172,"2026-07-07 11:32:56","10.0.0.112","10.0.0.153","jsmith","firewall","allowed_connection","low","","Outbound connection allowed to github.com",0,""
173,"2026-07-07 14:03:26","192.168.1.212","10.0.0.85","jsmith","dns","dns_query","low","","DNS query resolved for github.com",0,""
174,"2026-07-07 14:54:39","192.168.1.74","10.0.0.223","mrodriguez","endpoint","file_access","low","T1005","User mrodriguez accessed //fileserver/hr",0,""
175,"2026-07-07 16:26:17","192.168.1.44","10.0.0.139","svc_backup","firewall","allowed_connection","low","","Outbound connection allowed to slack.com",0,""
176,"2026-07-07 17:26:41","192.168.1.229","192.168.1.248","svc_monitor","firewall","allowed_connection","low","","Outbound connection allowed to office365.com",0,""
177,"2026-07-07 19:59:40","10.0.0.26","192.168.1.209","asingh","proxy","web_browsing","low","","User asingh browsed company-intranet.local",0,""
178,"2026-07-07 20:17:30","192.168.1.39","192.168.1.96","mrodriguez","endpoint","software_update","low","","Scheduled update applied: invoice.pdf",0,""
179,"2026-07-07 21:58:12","10.0.0.58","192.168.1.113","guest","firewall","allowed_connection","low","","Outbound connection allowed to office365.com",0,""
180,"2026-07-08 03:46:03","192.168.1.65","192.168.1.228","kpatel","endpoint","backup_job","low","","Backup job completed successfully on host",0,""
181,"2026-07-08 05:29:48","10.0.0.4","192.168.1.234","root","endpoint","file_access","low","T1005","User root accessed //fileserver/finance",0,""
182,"2026-07-08 05:42:23","10.0.0.40","192.168.1.176","guest","auth","password_change","low","","User guest changed their password",0,""
183,"2026-07-08 06:03:36","10.0.0.121","192.168.1.82","jdoe","firewall","allowed_connection","low","","Outbound connection allowed to zoom.us",0,""
184,"2026-07-08 06:21:57","66.11.84.161","10.0.0.139","root","endpoint","unusual_login_time","medium","T1078","Login for root occurred outside normal hours",1,""
185,"2026-07-08 06:50:14","10.0.0.190","10.0.0.71","tnguyen","auth","password_change","low","","User tnguyen changed their password",0,""
186,"2026-07-08 08:54:23","10.0.0.133","10.0.0.201","jdoe","endpoint","backup_job","low","","Backup job completed successfully on host",0,""
187,"2026-07-08 09:25:33","10.0.0.77","192.168.1.244","kpatel","auth","login_success","low","","Successful VPN login for user kpatel",0,""
188,"2026-07-08 09:52:44","117.144.169.177","10.0.0.212","rwilliams","auth","login_failed","medium","T1110","Failed VPN login attempt for user rwilliams",1,""
189,"2026-07-08 11:49:33","10.0.0.112","10.0.0.161","svc_monitor","auth","password_change","low","","User svc_monitor changed their password",0,""
190,"2026-07-08 13:06:00","42.184.86.170","192.168.1.236","asingh","firewall","port_scan","high","T1046","Reconnaissance scan detected, 39 ports probed from 42.184.86.170",1,"CMP-007"
191,"2026-07-08 13:09:28","10.0.0.88","10.0.0.57","jsmith","auth","password_change","low","","User jsmith changed their password",0,""
192,"2026-07-08 13:11:16","192.168.1.87","192.168.1.134","asingh","endpoint","file_access","low","T1005","User asingh accessed //fileserver/finance",0,""
193,"2026-07-08 13:51:00","42.184.86.170","192.168.1.236","asingh","auth","brute_force","high","T1110","Multiple failed auth attempts (29) against asingh in short window",1,"CMP-007"
194,"2026-07-08 13:57:00","51.237.76.187","10.0.0.96","jdoe","firewall","port_scan","high","T1046","Reconnaissance scan detected, 22 ports probed from 51.237.76.187",1,"CMP-005"
195,"2026-07-08 14:06:00","192.168.1.236","192.168.1.236","asingh","endpoint","privilege_escalation","high","T1068","Attempt to escalate privileges for account asingh",1,"CMP-007"
196,"2026-07-08 14:06:00","192.168.1.236","192.168.1.236","asingh","auth","login_success","medium","T1078","Suspicious successful login for asingh following brute force",1,"CMP-007"
197,"2026-07-08 14:15:32","10.0.0.141","192.168.1.200","tnguyen","dns","dns_query","low","","DNS query resolved for github.com",0,""
198,"2026-07-08 14:31:00","10.0.0.96","10.0.0.96","jdoe","auth","login_success","medium","T1078","Suspicious successful login for jdoe following brute force",1,"CMP-005"
199,"2026-07-08 14:38:00","51.237.76.187","10.0.0.96","jdoe","auth","brute_force","high","T1110","Multiple failed auth attempts (53) against jdoe in short window",1,"CMP-005"
200,"2026-07-08 14:41:51","10.0.0.87","10.0.0.135","klee","firewall","allowed_connection","low","","Outbound connection allowed to slack.com",0,""
201,"2026-07-08 15:21:00","192.168.1.236","192.168.1.236","asingh","dns","dns_tunneling","high","T1071","Abnormal DNS query pattern to domain telemetry-relay.com",1,"CMP-007"
202,"2026-07-08 16:12:00","10.0.0.96","10.0.0.96","jdoe","dns","dns_tunneling","high","T1071","Abnormal DNS query pattern to domain cdn-metrics.io",1,"CMP-005"
203,"2026-07-08 16:36:00","10.0.0.96","10.0.0.96","jdoe","endpoint","privilege_escalation","high","T1068","Attempt to escalate privileges for account jdoe",1,"CMP-005"
204,"2026-07-08 16:55:06","192.168.1.195","192.168.1.91","svc_backup","endpoint","file_access","low","T1005","User svc_backup accessed //fileserver/shared",0,""
205,"2026-07-08 17:03:12","10.0.0.94","10.0.0.195","jdoe","auth","login_success","low","","Successful SSH login for user jdoe",0,""
206,"2026-07-08 17:13:00","10.0.0.96","10.0.0.96","jdoe","endpoint","malware_detected","critical","T1105","Malicious executable detected: payload.bin",1,"CMP-005"
207,"2026-07-08 18:27:51","10.0.0.81","10.0.0.125","asingh","auth","login_success","low","","Successful RDP login for user asingh",0,""
208,"2026-07-08 18:45:27","10.0.0.130","192.168.1.37","jsmith","dns","dns_query","low","","DNS query resolved for slack.com",0,""
209,"2026-07-08 18:50:00","192.168.1.236","192.168.1.236","asingh","endpoint","malware_detected","critical","T1105","Malicious executable detected: update.dll",1,"CMP-007"
210,"2026-07-08 18:58:37","10.0.0.196","10.0.0.122","rwilliams","auth","account_lockout","medium","T1110","Account rwilliams locked after repeated failures",1,""
211,"2026-07-08 19:09:12","192.168.1.180","192.168.1.205","asingh","endpoint","software_update","low","","Scheduled update applied: backup.zip",0,""
212,"2026-07-08 19:50:24","10.0.0.163","10.0.0.63","rwilliams","dns","dns_query","low","","DNS query resolved for office365.com",0,""
213,"2026-07-08 20:22:17","192.168.1.19","192.168.1.64","jsmith","auth","login_success","low","","Successful SSH login for user jsmith",0,""
214,"2026-07-08 22:50:13","192.168.1.206","10.0.0.116","asingh","auth","login_failed","medium","T1110","Failed VPN login attempt for user asingh",1,""
215,"2026-07-09 00:18:57","192.168.1.75","10.0.0.52","admin","dns","dns_query","low","","DNS query resolved for office365.com",0,""
216,"2026-07-09 00:35:10","192.168.1.195","192.168.1.241","root","auth","login_success","low","","Successful VPN login for user root",0,""
217,"2026-07-09 00:45:25","192.168.1.23","192.168.1.38","svc_web","firewall","allowed_connection","low","","Outbound connection allowed to slack.com",0,""
218,"2026-07-09 00:51:42","192.168.1.81","192.168.1.179","rwilliams","endpoint","file_access","low","T1005","User rwilliams accessed //fileserver/hr",0,""
219,"2026-07-09 01:44:50","192.168.1.189","10.0.0.119","guest","endpoint","backup_job","low","","Backup job completed successfully on host",0,""
220,"2026-07-09 05:52:43","10.0.0.204","10.0.0.103","jsmith","dns","dns_query","low","","DNS query resolved for company-intranet.local",0,""
221,"2026-07-09 06:13:17","10.0.0.173","192.168.1.244","svc_web","auth","password_change","low","","User svc_web changed their password",0,""
222,"2026-07-09 06:55:47","192.168.1.213","10.0.0.244","jsmith","auth","password_change","low","","User jsmith changed their password",0,""
223,"2026-07-09 07:08:05","10.0.0.114","10.0.0.54","root","auth","password_change","low","","User root changed their password",0,""
224,"2026-07-09 09:08:16","192.168.1.168","192.168.1.45","root","endpoint","software_update","low","","Scheduled update applied: update.msi",0,""
225,"2026-07-09 09:21:21","10.0.0.74","10.0.0.24","root","auth","login_success","low","","Successful VPN login for user root",0,""
226,"2026-07-09 10:34:15","192.168.1.123","10.0.0.115","admin","endpoint","file_access","low","T1005","User admin accessed //fileserver/finance",0,""
227,"2026-07-09 11:54:49","192.168.1.70","10.0.0.31","mrodriguez","endpoint","file_access","low","T1005","User mrodriguez accessed //fileserver/finance",0,""
228,"2026-07-09 12:16:55","10.0.0.56","10.0.0.192","kpatel","endpoint","backup_job","low","","Backup job completed successfully on host",0,""
229,"2026-07-09 12:28:32","10.0.0.207","192.168.1.86","tnguyen","dns","dns_query","low","","DNS query resolved for github.com",0,""
230,"2026-07-09 12:52:06","170.154.231.170","10.0.0.47","guest","proxy","phishing_click","medium","T1566","User guest clicked link in suspicious email",1,""
231,"2026-07-09 13:11:23","193.151.208.111","192.168.1.85","svc_web","endpoint","unusual_login_time","medium","T1078","Login for svc_web occurred outside normal hours",1,""
232,"2026-07-09 13:49:17","10.0.0.175","192.168.1.139","jsmith","endpoint","software_update","low","","Scheduled update applied: backup.zip",0,""
233,"2026-07-09 14:59:11","10.0.0.5","192.168.1.205","guest","auth","password_change","low","","User guest changed their password",0,""
234,"2026-07-09 16:13:23","192.168.1.172","10.0.0.221","jdoe","proxy","phishing_click","medium","T1566","User jdoe clicked link in suspicious email",1,""
235,"2026-07-09 16:25:05","10.0.0.245","10.0.0.144","tnguyen","auth","password_change","low","","User tnguyen changed their password",0,""
236,"2026-07-09 17:34:31","192.168.1.139","192.168.1.166","dchen","proxy","web_browsing","low","","User dchen browsed slack.com",0,""
237,"2026-07-09 17:50:09","10.0.0.77","192.168.1.160","guest","endpoint","software_update","low","","Scheduled update applied: backup.zip",0,""
238,"2026-07-09 19:33:12","10.0.0.241","10.0.0.147","svc_backup","endpoint","software_update","low","","Scheduled update applied: report.docx",0,""
239,"2026-07-09 21:04:55","192.168.1.55","10.0.0.41","svc_backup","dns","dns_query","low","","DNS query resolved for slack.com",0,""
240,"2026-07-09 21:49:59","192.168.1.228","192.168.1.229","rwilliams","proxy","web_browsing","low","","User rwilliams browsed zoom.us",0,""
241,"2026-07-09 23:13:01","10.0.0.83","10.0.0.3","klee","endpoint","backup_job","low","","Backup job completed successfully on host",0,""
242,"2026-07-09 23:30:57","192.168.1.209","192.168.1.135","jdoe","dns","dns_query","low","","DNS query resolved for office365.com",0,""
243,"2026-07-10 00:27:16","10.0.0.60","10.0.0.118","admin","endpoint","backup_job","low","","Backup job completed successfully on host",0,""
244,"2026-07-10 01:14:44","10.0.0.140","10.0.0.211","guest","endpoint","file_access","low","T1005","User guest accessed //fileserver/shared",0,""
245,"2026-07-10 02:38:06","10.0.0.36","10.0.0.67","svc_backup","endpoint","backup_job","low","","Backup job completed successfully on host",0,""
246,"2026-07-10 03:20:28","192.168.1.146","192.168.1.73","svc_monitor","endpoint","backup_job","low","","Backup job completed successfully on host",0,""
247,"2026-07-10 04:17:54","192.168.1.219","10.0.0.239","dchen","auth","password_change","low","","User dchen changed their password",0,""
248,"2026-07-10 04:20:10","192.168.1.79","192.168.1.233","guest","endpoint","file_access","low","T1005","User guest accessed //fileserver/shared",0,""
249,"2026-07-10 04:43:38","192.168.1.15","10.0.0.110","admin","endpoint","software_update","low","","Scheduled update applied: report.docx",0,""
250,"2026-07-10 04:59:02","192.168.1.65","10.0.0.84","mrodriguez","auth","login_success","low","","Successful RDP login for user mrodriguez",0,""
251,"2026-07-10 07:21:43","10.0.0.192","10.0.0.96","svc_web","auth","password_change","low","","User svc_web changed their password",0,""
252,"2026-07-10 08:06:47","192.168.1.239","10.0.0.235","root","auth","password_change","low","","User root changed their password",0,""
253,"2026-07-10 08:30:38","10.0.0.64","10.0.0.76","admin","endpoint","software_update","low","","Scheduled update applied: report.docx",0,""
254,"2026-07-10 09:08:11","10.0.0.32","192.168.1.76","svc_web","endpoint","software_update","low","","Scheduled update applied: backup.zip",0,""
255,"2026-07-10 10:08:26","10.0.0.11","192.168.1.196","dchen","auth","password_change","low","","User dchen changed their password",0,""
256,"2026-07-10 10:12:21","192.168.1.94","192.168.1.120","mrodriguez","auth","login_failed","medium","T1110","Failed SSH login attempt for user mrodriguez",1,""
257,"2026-07-10 11:36:21","192.168.1.96","10.0.0.182","admin","endpoint","file_access","low","T1005","User admin accessed //fileserver/finance",0,""
258,"2026-07-10 12:51:14","192.168.1.177","10.0.0.73","klee","firewall","allowed_connection","low","","Outbound connection allowed to company-intranet.local",0,""
259,"2026-07-10 13:46:25","192.168.1.151","192.168.1.233","klee","endpoint","file_access","low","T1005","User klee accessed //fileserver/shared",0,""
260,"2026-07-10 14:26:20","10.0.0.198","10.0.0.79","mrodriguez","endpoint","unusual_login_time","medium","T1078","Login for mrodriguez occurred outside normal hours",1,""
261,"2026-07-10 17:56:34","192.168.1.219","192.168.1.74","rwilliams","endpoint","backup_job","low","","Backup job completed successfully on host",0,""
262,"2026-07-10 20:51:15","192.168.1.240","10.0.0.22","guest","auth","login_success","low","","Successful SSH login for user guest",0,""
263,"2026-07-10 21:09:31","10.0.0.99","192.168.1.155","tnguyen","endpoint","backup_job","low","","Backup job completed successfully on host",0,""
264,"2026-07-10 22:46:46","10.0.0.121","192.168.1.46","svc_monitor","auth","login_success","low","","Successful VPN login for user svc_monitor",0,""
265,"2026-07-10 23:48:00","211.165.18.71","10.0.0.114","svc_web","firewall","port_scan","high","T1046","Reconnaissance scan detected, 65 ports probed from 211.165.18.71",1,"CMP-003"
266,"2026-07-11 00:17:07","192.168.1.15","10.0.0.69","svc_monitor","endpoint","file_access","low","T1005","User svc_monitor accessed //fileserver/shared",0,""
267,"2026-07-11 00:36:00","10.0.0.114","10.0.0.114","svc_web","endpoint","privilege_escalation","high","T1068","Attempt to escalate privileges for account svc_web",1,"CMP-003"
268,"2026-07-11 00:48:00","10.0.0.114","10.0.0.114","svc_web","auth","login_success","medium","T1078","Suspicious successful login for svc_web following brute force",1,"CMP-003"
269,"2026-07-11 00:54:00","211.165.18.71","10.0.0.114","svc_web","auth","brute_force","high","T1110","Multiple failed auth attempts (33) against svc_web in short window",1,"CMP-003"
270,"2026-07-11 01:08:55","163.176.199.118","10.0.0.110","svc_backup","firewall","port_scan","high","T1046","Port scan detected, 55 ports probed from 163.176.199.118",1,""
271,"2026-07-11 01:41:59","10.0.0.176","192.168.1.108","tnguyen","dns","dns_query","low","","DNS query resolved for company-intranet.local",0,""
272,"2026-07-11 02:30:19","10.0.0.96","192.168.1.28","guest","dns","dns_query","low","","DNS query resolved for zoom.us",0,""
273,"2026-07-11 03:16:00","10.0.0.114","10.0.0.114","svc_web","endpoint","malware_detected","critical","T1105","Malicious executable detected: update.dll",1,"CMP-003"
274,"2026-07-11 05:16:38","10.0.0.135","192.168.1.150","dchen","endpoint","file_access","low","T1005","User dchen accessed //fileserver/hr",0,""
275,"2026-07-11 06:11:46","192.168.1.135","10.0.0.97","svc_monitor","endpoint","software_update","low","","Scheduled update applied: invoice.pdf",0,""
276,"2026-07-11 10:55:11","10.0.0.82","10.0.0.139","klee","auth","login_success","low","","Successful SSH login for user klee",0,""
277,"2026-07-11 11:38:23","192.168.1.155","192.168.1.154","svc_web","auth","password_change","low","","User svc_web changed their password",0,""
278,"2026-07-11 12:36:59","215.223.212.122","10.0.0.92","svc_monitor","auth","account_lockout","medium","T1110","Account svc_monitor locked after repeated failures",1,""
279,"2026-07-11 12:56:25","192.168.1.134","192.168.1.238","jdoe","dns","dns_query","low","","DNS query resolved for github.com",0,""
280,"2026-07-11 14:07:45","10.0.0.107","192.168.1.228","guest","dns","dns_query","low","","DNS query resolved for office365.com",0,""
281,"2026-07-11 14:26:29","192.168.1.146","10.0.0.62","svc_monitor","endpoint","backup_job","low","","Backup job completed successfully on host",0,""
282,"2026-07-11 15:26:14","192.168.1.136","192.168.1.241","jdoe","endpoint","file_access","low","T1005","User jdoe accessed //fileserver/hr",0,""
283,"2026-07-11 15:31:22","192.168.1.107","10.0.0.221","asingh","proxy","phishing_click","medium","T1566","User asingh clicked link in suspicious email",1,""
284,"2026-07-11 15:34:44","192.168.1.42","192.168.1.8","kpatel","auth","password_change","low","","User kpatel changed their password",0,""
285,"2026-07-11 15:57:36","10.0.0.187","10.0.0.150","admin","endpoint","backup_job","low","","Backup job completed successfully on host",0,""
286,"2026-07-11 19:17:56","192.168.1.173","10.0.0.120","rwilliams","auth","login_success","low","","Successful HTTPS login for user rwilliams",0,""
287,"2026-07-11 20:42:55","192.168.1.147","10.0.0.138","dchen","firewall","port_scan","high","T1046","Port scan detected, 13 ports probed from 192.168.1.147",1,""
288,"2026-07-12 00:49:27","192.168.1.73","192.168.1.80","jdoe","endpoint","backup_job","low","","Backup job completed successfully on host",0,""
289,"2026-07-12 01:52:54","192.168.1.219","192.168.1.212","jdoe","endpoint","backup_job","low","","Backup job completed successfully on host",0,""
290,"2026-07-12 02:09:08","10.0.0.3","10.0.0.93","root","auth","login_failed","medium","T1110","Failed HTTP login attempt for user root",1,""
291,"2026-07-12 02:32:07","10.0.0.39","192.168.1.163","guest","auth","login_success","low","","Successful RDP login for user guest",0,""
292,"2026-07-12 03:13:16","10.0.0.3","10.0.0.235","dchen","endpoint","software_update","low","","Scheduled update applied: report.docx",0,""
293,"2026-07-12 03:45:50","192.168.1.110","192.168.1.41","dchen","proxy","web_browsing","low","","User dchen browsed slack.com",0,""
294,"2026-07-12 04:17:08","192.168.1.176","10.0.0.6","kpatel","endpoint","unusual_login_time","medium","T1078","Login for kpatel occurred outside normal hours",1,""
295,"2026-07-12 04:24:44","192.168.1.161","192.168.1.176","admin","proxy","web_browsing","low","","User admin browsed company-intranet.local",0,""
296,"2026-07-12 05:34:37","192.168.1.10","192.168.1.143","guest","endpoint","backup_job","low","","Backup job completed successfully on host",0,""
297,"2026-07-12 07:06:43","192.168.1.26","10.0.0.220","dchen","endpoint","software_update","low","","Scheduled update applied: update.msi",0,""
298,"2026-07-12 07:12:59","192.168.1.141","192.168.1.159","jsmith","endpoint","unusual_login_time","medium","T1078","Login for jsmith occurred outside normal hours",1,""
299,"2026-07-12 08:48:46","10.0.0.82","10.0.0.155","svc_web","dns","dns_query","low","","DNS query resolved for office365.com",0,""
300,"2026-07-12 09:06:43","10.0.0.93","10.0.0.140","svc_backup","endpoint","backup_job","low","","Backup job completed successfully on host",0,""
301,"2026-07-12 09:23:57","192.168.1.169","192.168.1.8","tnguyen","endpoint","software_update","low","","Scheduled update applied: backup.zip",0,""
302,"2026-07-12 11:06:23","192.168.1.168","10.0.0.122","svc_backup","endpoint","unusual_login_time","medium","T1078","Login for svc_backup occurred outside normal hours",1,""
303,"2026-07-12 12:26:37","10.0.0.105","10.0.0.98","root","endpoint","backup_job","low","","Backup job completed successfully on host",0,""
304,"2026-07-12 13:31:34","192.168.1.167","10.0.0.246","tnguyen","endpoint","backup_job","low","","Backup job completed successfully on host",0,""
305,"2026-07-12 14:52:30","192.168.1.2","192.168.1.141","svc_monitor","proxy","web_browsing","low","","User svc_monitor browsed office365.com",0,""
306,"2026-07-12 14:57:08","10.0.0.228","10.0.0.2","dchen","auth","password_change","low","","User dchen changed their password",0,""
307,"2026-07-12 18:35:39","10.0.0.153","192.168.1.16","jdoe","auth","password_change","low","","User jdoe changed their password",0,""
308,"2026-07-12 18:50:10","10.0.0.198","10.0.0.185","jdoe","dns","dns_query","low","","DNS query resolved for github.com",0,""
309,"2026-07-12 19:06:23","192.168.1.219","10.0.0.87","svc_backup","firewall","allowed_connection","low","","Outbound connection allowed to company-intranet.local",0,""
310,"2026-07-12 21:40:22","192.168.1.27","10.0.0.116","mrodriguez","proxy","web_browsing","low","","User mrodriguez browsed slack.com",0,""
311,"2026-07-12 21:54:32","10.0.0.11","192.168.1.200","klee","endpoint","file_access","low","T1005","User klee accessed //fileserver/hr",0,""
312,"2026-07-13 00:29:23","10.0.0.77","192.168.1.107","tnguyen","endpoint","software_update","low","","Scheduled update applied: backup.zip",0,""
313,"2026-07-13 02:17:38","192.168.1.140","192.168.1.106","dchen","endpoint","file_access","low","T1005","User dchen accessed //fileserver/shared",0,""
314,"2026-07-13 03:29:55","10.0.0.199","10.0.0.173","mrodriguez","auth","password_change","low","","User mrodriguez changed their password",0,""
315,"2026-07-13 04:48:51","10.0.0.183","192.168.1.149","jdoe","proxy","web_browsing","low","","User jdoe browsed zoom.us",0,""
316,"2026-07-13 06:05:39","10.0.0.225","192.168.1.18","rwilliams","firewall","allowed_connection","low","","Outbound connection allowed to zoom.us",0,""
317,"2026-07-13 06:54:35","192.168.1.2","192.168.1.162","mrodriguez","proxy","web_browsing","low","","User mrodriguez browsed github.com",0,""
318,"2026-07-13 07:34:36","192.168.1.110","10.0.0.59","asingh","endpoint","software_update","low","","Scheduled update applied: report.docx",0,""
319,"2026-07-13 07:47:37","10.0.0.118","192.168.1.194","root","endpoint","file_access","low","T1005","User root accessed //fileserver/engineering",0,""
320,"2026-07-13 07:49:02","10.0.0.152","192.168.1.37","svc_backup","endpoint","unusual_login_time","medium","T1078","Login for svc_backup occurred outside normal hours",1,""
321,"2026-07-13 09:17:26","192.168.1.181","10.0.0.69","jsmith","firewall","allowed_connection","low","","Outbound connection allowed to zoom.us",0,""
322,"2026-07-13 09:51:36","10.0.0.27","10.0.0.206","guest","dns","dns_query","low","","DNS query resolved for office365.com",0,""
323,"2026-07-13 11:18:30","10.0.0.34","10.0.0.210","jdoe","endpoint","backup_job","low","","Backup job completed successfully on host",0,""
324,"2026-07-13 11:25:27","192.168.1.143","192.168.1.235","admin","proxy","web_browsing","low","","User admin browsed company-intranet.local",0,""
325,"2026-07-13 11:35:45","10.0.0.189","10.0.0.237","svc_monitor","endpoint","software_update","low","","Scheduled update applied: update.msi",0,""
326,"2026-07-13 11:38:35","10.0.0.69","10.0.0.12","jsmith","endpoint","file_access","low","T1005","User jsmith accessed //fileserver/engineering",0,""
327,"2026-07-13 12:04:17","192.168.1.206","10.0.0.72","rwilliams","dns","dns_query","low","","DNS query resolved for company-intranet.local",0,""
328,"2026-07-13 13:39:19","192.168.1.76","192.168.1.80","admin","auth","login_success","low","","Successful HTTP login for user admin",0,""
329,"2026-07-13 14:02:26","192.168.1.228","192.168.1.222","guest","auth","password_change","low","","User guest changed their password",0,""
330,"2026-07-13 15:05:28","10.0.0.241","192.168.1.182","dchen","endpoint","file_access","low","T1005","User dchen accessed //fileserver/shared",0,""
331,"2026-07-13 15:45:12","67.29.91.79","192.168.1.121","tnguyen","auth","login_failed","medium","T1110","Failed VPN login attempt for user tnguyen",1,""
332,"2026-07-13 21:56:33","10.0.0.22","192.168.1.176","jdoe","endpoint","backup_job","low","","Backup job completed successfully on host",0,""
333,"2026-07-13 22:43:36","192.168.1.243","10.0.0.73","asingh","proxy","phishing_click","medium","T1566","User asingh clicked link in suspicious email",1,""
334,"2026-07-14 01:58:38","192.168.1.193","10.0.0.4","svc_backup","auth","password_change","low","","User svc_backup changed their password",0,""
335,"2026-07-14 02:00:46","10.0.0.226","10.0.0.242","kpatel","auth","password_change","low","","User kpatel changed their password",0,""
336,"2026-07-14 03:35:36","10.0.0.185","10.0.0.208","dchen","auth","password_change","low","","User dchen changed their password",0,""
337,"2026-07-14 04:18:14","10.0.0.66","10.0.0.173","klee","firewall","allowed_connection","low","","Outbound connection allowed to company-intranet.local",0,""
338,"2026-07-14 04:51:16","10.0.0.57","10.0.0.116","guest","auth","password_change","low","","User guest changed their password",0,""
339,"2026-07-14 06:11:15","10.0.0.219","10.0.0.201","kpatel","firewall","allowed_connection","low","","Outbound connection allowed to zoom.us",0,""
340,"2026-07-14 07:18:27","192.168.1.208","10.0.0.128","mrodriguez","firewall","allowed_connection","low","","Outbound connection allowed to zoom.us",0,""
341,"2026-07-14 08:08:00","192.168.1.96","10.0.0.17","root","proxy","web_browsing","low","","User root browsed zoom.us",0,""
342,"2026-07-14 09:17:56","10.0.0.130","192.168.1.29","asingh","endpoint","file_access","low","T1005","User asingh accessed //fileserver/finance",0,""
343,"2026-07-14 10:39:57","10.0.0.240","192.168.1.166","kpatel","endpoint","file_access","low","T1005","User kpatel accessed //fileserver/shared",0,""
344,"2026-07-14 11:14:16","192.168.1.69","192.168.1.13","root","endpoint","software_update","low","","Scheduled update applied: report.docx",0,""
345,"2026-07-14 12:36:31","192.168.1.50","192.168.1.162","klee","auth","password_change","low","","User klee changed their password",0,""
346,"2026-07-14 16:21:15","10.0.0.196","192.168.1.218","rwilliams","auth","password_change","low","","User rwilliams changed their password",0,""
347,"2026-07-14 16:55:23","10.0.0.244","10.0.0.64","jdoe","auth","password_change","low","","User jdoe changed their password",0,""
348,"2026-07-14 17:31:52","192.168.1.77","192.168.1.14","guest","endpoint","file_access","low","T1005","User guest accessed //fileserver/engineering",0,""
349,"2026-07-14 20:25:49","192.168.1.90","10.0.0.32","dchen","endpoint","backup_job","low","","Backup job completed successfully on host",0,""
350,"2026-07-14 20:40:42","10.0.0.154","192.168.1.43","svc_web","auth","password_change","low","","User svc_web changed their password",0,""
351,"2026-07-14 23:10:01","10.0.0.38","192.168.1.201","root","auth","password_change","low","","User root changed their password",0,""
352,"2026-07-14 23:43:54","10.0.0.102","192.168.1.178","klee","dns","dns_query","low","","DNS query resolved for company-intranet.local",0,""
353,"2026-07-15 01:39:47","10.0.0.17","192.168.1.157","mrodriguez","firewall","allowed_connection","low","","Outbound connection allowed to zoom.us",0,""
354,"2026-07-15 02:41:15","10.0.0.129","10.0.0.116","jsmith","auth","login_success","low","","Successful RDP login for user jsmith",0,""
355,"2026-07-15 03:14:55","10.0.0.105","192.168.1.42","jdoe","proxy","web_browsing","low","","User jdoe browsed github.com",0,""
356,"2026-07-15 04:44:53","10.0.0.245","10.0.0.83","admin","auth","password_change","low","","User admin changed their password",0,""
357,"2026-07-15 04:47:24","10.0.0.12","10.0.0.29","root","endpoint","backup_job","low","","Backup job completed successfully on host",0,""
358,"2026-07-15 04:49:57","192.168.1.66","192.168.1.184","jsmith","endpoint","backup_job","low","","Backup job completed successfully on host",0,""
359,"2026-07-15 05:07:08","140.104.93.67","192.168.1.235","svc_web","auth","login_failed","medium","T1110","Failed RDP login attempt for user svc_web",1,""
360,"2026-07-15 06:49:39","192.168.1.232","192.168.1.128","kpatel","firewall","allowed_connection","low","","Outbound connection allowed to github.com",0,""
361,"2026-07-15 07:04:23","10.0.0.75","10.0.0.171","root","proxy","web_browsing","low","","User root browsed github.com",0,""
362,"2026-07-15 07:06:34","192.168.1.166","192.168.1.227","jsmith","firewall","allowed_connection","low","","Outbound connection allowed to office365.com",0,""
363,"2026-07-15 07:18:35","192.168.1.117","192.168.1.9","klee","firewall","allowed_connection","low","","Outbound connection allowed to office365.com",0,""
364,"2026-07-15 07:53:14","10.0.0.45","192.168.1.53","tnguyen","firewall","allowed_connection","low","","Outbound connection allowed to company-intranet.local",0,""
365,"2026-07-15 07:54:51","10.0.0.215","10.0.0.246","mrodriguez","endpoint","file_access","low","T1005","User mrodriguez accessed //fileserver/shared",0,""
366,"2026-07-15 09:48:47","10.0.0.59","192.168.1.25","svc_backup","firewall","port_scan","high","T1046","Port scan detected, 58 ports probed from 10.0.0.59",1,""
367,"2026-07-15 11:57:23","192.168.1.245","10.0.0.55","mrodriguez","endpoint","file_access","low","T1005","User mrodriguez accessed //fileserver/finance",0,""
368,"2026-07-15 12:25:58","10.0.0.56","10.0.0.145","root","proxy","web_browsing","low","","User root browsed zoom.us",0,""
369,"2026-07-15 13:06:55","192.168.1.53","192.168.1.229","kpatel","firewall","allowed_connection","low","","Outbound connection allowed to office365.com",0,""
370,"2026-07-15 15:59:30","10.0.0.110","192.168.1.212","admin","proxy","web_browsing","low","","User admin browsed zoom.us",0,""
371,"2026-07-15 16:01:53","192.168.1.206","10.0.0.126","klee","auth","password_change","low","","User klee changed their password",0,""
372,"2026-07-15 16:13:52","192.168.1.41","192.168.1.211","svc_backup","auth","login_success","low","","Successful HTTP login for user svc_backup",0,""
373,"2026-07-15 18:48:06","10.0.0.98","192.168.1.25","kpatel","firewall","allowed_connection","low","","Outbound connection allowed to zoom.us",0,""
374,"2026-07-15 20:29:50","10.0.0.71","10.0.0.15","rwilliams","dns","dns_query","low","","DNS query resolved for company-intranet.local",0,""
375,"2026-07-15 22:32:31","192.168.1.33","192.168.1.181","svc_monitor","dns","dns_query","low","","DNS query resolved for company-intranet.local",0,""
376,"2026-07-15 22:50:40","10.0.0.17","10.0.0.130","jsmith","endpoint","unusual_login_time","medium","T1078","Login for jsmith occurred outside normal hours",1,""
377,"2026-07-15 23:12:03","192.168.1.18","10.0.0.200","rwilliams","endpoint","backup_job","low","","Backup job completed successfully on host",0,""
378,"2026-07-15 23:38:14","10.0.0.8","192.168.1.2","rwilliams","endpoint","software_update","low","","Scheduled update applied: backup.zip",0,""
379,"2026-07-16 00:27:46","207.205.179.16","10.0.0.118","svc_web","auth","login_failed","medium","T1110","Failed HTTPS login attempt for user svc_web",1,""
380,"2026-07-16 00:35:15","192.168.1.21","10.0.0.176","dchen","auth","account_lockout","medium","T1110","Account dchen locked after repeated failures",1,""
381,"2026-07-16 03:18:53","10.0.0.197","192.168.1.199","tnguyen","proxy","web_browsing","low","","User tnguyen browsed company-intranet.local",0,""
382,"2026-07-16 03:46:52","10.0.0.92","192.168.1.216","asingh","auth","login_success","low","","Successful RDP login for user asingh",0,""
383,"2026-07-16 04:45:53","10.0.0.167","10.0.0.62","mrodriguez","auth","login_success","low","","Successful HTTP login for user mrodriguez",0,""
384,"2026-07-16 05:58:43","192.168.1.48","10.0.0.180","svc_monitor","dns","dns_query","low","","DNS query resolved for office365.com",0,""
385,"2026-07-16 06:05:30","10.0.0.123","192.168.1.115","root","endpoint","backup_job","low","","Backup job completed successfully on host",0,""
386,"2026-07-16 07:36:32","192.168.1.187","192.168.1.229","dchen","dns","dns_query","low","","DNS query resolved for zoom.us",0,""
387,"2026-07-16 09:09:04","10.0.0.94","192.168.1.80","svc_backup","dns","dns_query","low","","DNS query resolved for office365.com",0,""
388,"2026-07-16 11:09:11","192.168.1.82","10.0.0.65","klee","endpoint","software_update","low","","Scheduled update applied: backup.zip",0,""
389,"2026-07-16 11:09:51","192.168.1.93","192.168.1.107","svc_backup","auth","password_change","low","","User svc_backup changed their password",0,""
390,"2026-07-16 11:57:00","220.152.202.131","192.168.1.207","kpatel","firewall","port_scan","high","T1046","Reconnaissance scan detected, 39 ports probed from 220.152.202.131",1,"CMP-002"
391,"2026-07-16 12:51:56","10.0.0.196","192.168.1.244","root","auth","password_change","low","","User root changed their password",0,""
392,"2026-07-16 13:21:00","220.152.202.131","192.168.1.207","kpatel","auth","brute_force","high","T1110","Multiple failed auth attempts (39) against kpatel in short window",1,"CMP-002"
393,"2026-07-16 13:36:00","192.168.1.207","192.168.1.207","kpatel","endpoint","privilege_escalation","high","T1068","Attempt to escalate privileges for account kpatel",1,"CMP-002"
394,"2026-07-16 13:51:49","192.168.1.50","10.0.0.167","admin","auth","login_success","low","","Successful RDP login for user admin",0,""
395,"2026-07-16 14:01:41","172.161.233.249","192.168.1.49","jsmith","proxy","phishing_click","medium","T1566","User jsmith clicked link in suspicious email",1,""
396,"2026-07-16 14:43:00","192.168.1.207","192.168.1.207","kpatel","auth","login_success","medium","T1078","Suspicious successful login for kpatel following brute force",1,"CMP-002"
397,"2026-07-16 16:02:00","10.0.0.166","10.0.0.136","guest","firewall","allowed_connection","low","","Outbound connection allowed to github.com",0,""
398,"2026-07-16 17:41:00","192.168.1.207","192.168.1.207","kpatel","endpoint","malware_detected","critical","T1105","Malicious executable detected: payload.bin",1,"CMP-002"
399,"2026-07-16 18:50:39","10.0.0.125","192.168.1.176","root","proxy","phishing_click","medium","T1566","User root clicked link in suspicious email",1,""
400,"2026-07-16 19:23:47","10.0.0.203","192.168.1.136","svc_web","dns","dns_query","low","","DNS query resolved for slack.com",0,""
401,"2026-07-16 19:34:07","123.89.76.2","192.168.1.102","admin","endpoint","unusual_login_time","medium","T1078","Login for admin occurred outside normal hours",1,""
402,"2026-07-16 21:13:19","10.0.0.70","192.168.1.206","asingh","auth","password_change","low","","User asingh changed their password",0,""
403,"2026-07-16 21:31:48","10.0.0.59","10.0.0.52","jdoe","dns","dns_query","low","","DNS query resolved for company-intranet.local",0,""
404,"2026-07-16 23:20:38","192.168.1.243","10.0.0.111","klee","auth","login_success","low","","Successful VPN login for user klee",0,""
405,"2026-07-17 00:50:03","192.168.1.29","192.168.1.43","root","endpoint","backup_job","low","","Backup job completed successfully on host",0,""
406,"2026-07-17 00:50:41","10.0.0.159","10.0.0.30","jsmith","dns","dns_query","low","","DNS query resolved for zoom.us",0,""
407,"2026-07-17 01:44:27","192.168.1.17","10.0.0.208","svc_backup","endpoint","file_access","low","T1005","User svc_backup accessed //fileserver/shared",0,""
408,"2026-07-17 03:37:28","10.0.0.90","10.0.0.121","admin","endpoint","backup_job","low","","Backup job completed successfully on host",0,""
409,"2026-07-17 04:38:11","10.0.0.102","192.168.1.61","jdoe","endpoint","software_update","low","","Scheduled update applied: update.msi",0,""
410,"2026-07-17 04:56:04","135.136.164.19","192.168.1.75","dchen","proxy","phishing_click","medium","T1566","User dchen clicked link in suspicious email",1,""
411,"2026-07-17 06:15:15","192.168.1.172","192.168.1.178","rwilliams","auth","password_change","low","","User rwilliams changed their password",0,""
412,"2026-07-17 06:47:29","192.168.1.242","192.168.1.151","mrodriguez","endpoint","backup_job","low","","Backup job completed successfully on host",0,""
413,"2026-07-17 10:23:23","10.0.0.11","10.0.0.175","tnguyen","proxy","web_browsing","low","","User tnguyen browsed zoom.us",0,""
414,"2026-07-17 10:33:25","10.0.0.194","192.168.1.76","svc_web","endpoint","software_update","low","","Scheduled update applied: update.msi",0,""
415,"2026-07-17 10:49:23","10.0.0.3","10.0.0.18","rwilliams","endpoint","software_update","low","","Scheduled update applied: update.msi",0,""
416,"2026-07-17 14:22:28","10.0.0.149","192.168.1.65","jdoe","auth","password_change","low","","User jdoe changed their password",0,""
417,"2026-07-17 14:22:38","10.0.0.86","192.168.1.244","rwilliams","firewall","allowed_connection","low","","Outbound connection allowed to company-intranet.local",0,""
418,"2026-07-17 15:11:31","10.0.0.230","192.168.1.16","jsmith","proxy","web_browsing","low","","User jsmith browsed company-intranet.local",0,""
419,"2026-07-17 15:57:26","10.0.0.232","192.168.1.68","dchen","auth","login_success","low","","Successful RDP login for user dchen",0,""
420,"2026-07-17 16:21:32","192.168.1.36","10.0.0.99","tnguyen","auth","login_success","low","","Successful HTTPS login for user tnguyen",0,""
421,"2026-07-17 17:10:00","117.128.180.174","10.0.0.53","root","firewall","port_scan","high","T1046","Reconnaissance scan detected, 28 ports probed from 117.128.180.174",1,"CMP-012"
422,"2026-07-17 17:54:05","192.168.1.133","192.168.1.33","guest","endpoint","software_update","low","","Scheduled update applied: invoice.pdf",0,""
423,"2026-07-17 18:01:00","10.0.0.53","10.0.0.53","root","endpoint","privilege_escalation","high","T1068","Attempt to escalate privileges for account root",1,"CMP-012"
424,"2026-07-17 18:07:00","117.128.180.174","10.0.0.53","root","auth","brute_force","high","T1110","Multiple failed auth attempts (37) against root in short window",1,"CMP-012"
425,"2026-07-17 18:38:32","10.0.0.89","10.0.0.76","svc_backup","auth","password_change","low","","User svc_backup changed their password",0,""
426,"2026-07-17 19:00:51","10.0.0.192","10.0.0.137","mrodriguez","dns","dns_query","low","","DNS query resolved for company-intranet.local",0,""
427,"2026-07-17 19:16:00","10.0.0.53","10.0.0.53","root","auth","login_success","medium","T1078","Suspicious successful login for root following brute force",1,"CMP-012"
428,"2026-07-17 21:25:00","86.179.230.124","10.0.0.128","admin","firewall","port_scan","high","T1046","Reconnaissance scan detected, 27 ports probed from 86.179.230.124",1,"CMP-006"
429,"2026-07-17 22:38:00","86.179.230.124","10.0.0.128","admin","auth","brute_force","high","T1110","Multiple failed auth attempts (67) against admin in short window",1,"CMP-006"
430,"2026-07-17 23:53:00","10.0.0.128","10.0.0.128","admin","auth","login_success","medium","T1078","Suspicious successful login for admin following brute force",1,"CMP-006"
431,"2026-07-18 00:46:00","10.0.0.128","10.0.0.128","admin","endpoint","privilege_escalation","high","T1068","Attempt to escalate privileges for account admin",1,"CMP-006"
432,"2026-07-18 01:50:31","10.0.0.44","192.168.1.136","asingh","endpoint","backup_job","low","","Backup job completed successfully on host",0,""
433,"2026-07-18 04:11:45","192.168.1.177","192.168.1.185","svc_web","firewall","allowed_connection","low","","Outbound connection allowed to github.com",0,""
434,"2026-07-18 07:03:57","192.168.1.221","10.0.0.34","klee","auth","login_success","low","","Successful VPN login for user klee",0,""
435,"2026-07-18 09:35:05","10.0.0.228","10.0.0.119","admin","auth","password_change","low","","User admin changed their password",0,""
436,"2026-07-18 10:00:16","216.242.178.134","192.168.1.55","klee","auth","account_lockout","medium","T1110","Account klee locked after repeated failures",1,""
437,"2026-07-18 10:09:35","192.168.1.53","10.0.0.62","klee","dns","dns_query","low","","DNS query resolved for company-intranet.local",0,""
438,"2026-07-18 11:34:33","10.0.0.26","192.168.1.79","rwilliams","proxy","web_browsing","low","","User rwilliams browsed zoom.us",0,""
439,"2026-07-18 14:11:10","10.0.0.68","10.0.0.9","jsmith","endpoint","backup_job","low","","Backup job completed successfully on host",0,""
440,"2026-07-18 14:59:06","192.168.1.222","192.168.1.230","kpatel","dns","dns_query","low","","DNS query resolved for slack.com",0,""
441,"2026-07-18 15:47:41","198.232.142.93","192.168.1.21","tnguyen","auth","login_failed","medium","T1110","Failed RDP login attempt for user tnguyen",1,""
442,"2026-07-18 15:52:54","10.0.0.120","10.0.0.166","root","endpoint","file_access","low","T1005","User root accessed //fileserver/shared",0,""
443,"2026-07-18 15:57:28","10.0.0.179","192.168.1.155","admin","endpoint","file_access","low","T1005","User admin accessed //fileserver/finance",0,""
444,"2026-07-18 16:17:23","10.0.0.175","10.0.0.207","root","auth","login_success","low","","Successful VPN login for user root",0,""
445,"2026-07-18 19:14:08","10.0.0.121","192.168.1.45","svc_monitor","auth","login_success","low","","Successful SSH login for user svc_monitor",0,""
446,"2026-07-18 19:14:45","192.168.1.138","10.0.0.104","klee","dns","dns_query","low","","DNS query resolved for zoom.us",0,""
447,"2026-07-18 20:30:46","192.168.1.179","10.0.0.160","asingh","proxy","web_browsing","low","","User asingh browsed slack.com",0,""
448,"2026-07-19 01:06:50","204.72.36.78","192.168.1.247","dchen","proxy","phishing_click","medium","T1566","User dchen clicked link in suspicious email",1,""
449,"2026-07-19 04:40:44","10.0.0.95","10.0.0.219","svc_monitor","auth","login_success","low","","Successful SSH login for user svc_monitor",0,""
450,"2026-07-19 05:05:28","10.0.0.70","192.168.1.196","tnguyen","proxy","web_browsing","low","","User tnguyen browsed company-intranet.local",0,""
451,"2026-07-19 06:57:09","192.168.1.79","10.0.0.4","root","endpoint","unusual_login_time","medium","T1078","Login for root occurred outside normal hours",1,""
452,"2026-07-19 07:10:36","192.168.1.99","10.0.0.180","svc_web","endpoint","backup_job","low","","Backup job completed successfully on host",0,""
453,"2026-07-19 08:13:15","192.168.1.172","10.0.0.207","asingh","endpoint","software_update","low","","Scheduled update applied: update.msi",0,""
454,"2026-07-19 11:19:56","192.168.1.198","192.168.1.46","admin","endpoint","file_access","low","T1005","User admin accessed //fileserver/shared",0,""
455,"2026-07-19 13:56:38","10.0.0.182","10.0.0.53","svc_backup","auth","login_success","low","","Successful HTTP login for user svc_backup",0,""
456,"2026-07-19 14:12:05","10.0.0.75","10.0.0.206","svc_web","firewall","allowed_connection","low","","Outbound connection allowed to zoom.us",0,""
457,"2026-07-19 15:22:23","10.0.0.171","192.168.1.49","klee","firewall","port_scan","high","T1046","Port scan detected, 29 ports probed from 10.0.0.171",1,""
458,"2026-07-19 16:07:59","192.168.1.14","192.168.1.208","mrodriguez","auth","password_change","low","","User mrodriguez changed their password",0,""
459,"2026-07-19 16:43:58","10.0.0.171","10.0.0.167","rwilliams","proxy","web_browsing","low","","User rwilliams browsed github.com",0,""
460,"2026-07-19 18:54:16","10.0.0.64","10.0.0.124","svc_backup","auth","login_success","low","","Successful HTTP login for user svc_backup",0,""
461,"2026-07-19 19:06:01","192.168.1.234","192.168.1.79","mrodriguez","endpoint","file_access","low","T1005","User mrodriguez accessed //fileserver/engineering",0,""
462,"2026-07-19 19:11:55","10.0.0.110","10.0.0.16","guest","endpoint","software_update","low","","Scheduled update applied: invoice.pdf",0,""
463,"2026-07-19 19:19:43","192.168.1.53","192.168.1.162","svc_monitor","auth","login_success","low","","Successful RDP login for user svc_monitor",0,""
464,"2026-07-19 21:24:43","10.0.0.202","192.168.1.32","admin","endpoint","backup_job","low","","Backup job completed successfully on host",0,""
465,"2026-07-19 22:50:14","10.0.0.41","192.168.1.232","svc_web","endpoint","file_access","low","T1005","User svc_web accessed //fileserver/finance",0,""
466,"2026-07-20 01:13:58","10.0.0.26","10.0.0.134","dchen","auth","login_success","low","","Successful HTTP login for user dchen",0,""
467,"2026-07-20 03:58:01","192.168.1.75","10.0.0.40","klee","dns","dns_query","low","","DNS query resolved for slack.com",0,""
468,"2026-07-20 04:22:30","192.168.1.249","10.0.0.83","asingh","dns","dns_query","low","","DNS query resolved for zoom.us",0,""
469,"2026-07-20 04:25:39","192.168.1.219","192.168.1.120","jsmith","auth","login_failed","medium","T1110","Failed HTTP login attempt for user jsmith",1,""
470,"2026-07-20 05:46:24","10.0.0.41","10.0.0.247","svc_monitor","endpoint","backup_job","low","","Backup job completed successfully on host",0,""
471,"2026-07-20 06:39:36","10.0.0.235","192.168.1.31","root","proxy","web_browsing","low","","User root browsed company-intranet.local",0,""
472,"2026-07-20 09:57:40","141.207.171.16","192.168.1.114","svc_backup","auth","account_lockout","medium","T1110","Account svc_backup locked after repeated failures",1,""
473,"2026-07-20 10:34:50","10.0.0.225","192.168.1.109","root","dns","dns_query","low","","DNS query resolved for slack.com",0,""
474,"2026-07-20 12:47:28","192.168.1.99","10.0.0.69","asingh","endpoint","software_update","low","","Scheduled update applied: update.msi",0,""
475,"2026-07-20 12:50:05","10.0.0.113","192.168.1.199","jdoe","proxy","web_browsing","low","","User jdoe browsed zoom.us",0,""
476,"2026-07-20 15:00:19","10.0.0.96","10.0.0.217","jsmith","firewall","allowed_connection","low","","Outbound connection allowed to office365.com",0,""
477,"2026-07-20 16:32:21","192.168.1.25","192.168.1.207","kpatel","firewall","allowed_connection","low","","Outbound connection allowed to github.com",0,""
478,"2026-07-20 16:53:35","155.169.117.190","192.168.1.70","guest","auth","account_lockout","medium","T1110","Account guest locked after repeated failures",1,""
479,"2026-07-20 18:02:53","10.0.0.232","192.168.1.92","tnguyen","endpoint","file_access","low","T1005","User tnguyen accessed //fileserver/engineering",0,""
480,"2026-07-20 19:31:09","10.0.0.138","10.0.0.216","mrodriguez","endpoint","backup_job","low","","Backup job completed successfully on host",0,""
481,"2026-07-20 19:35:47","192.168.1.152","10.0.0.84","tnguyen","firewall","port_scan","high","T1046","Port scan detected, 6 ports probed from 192.168.1.152",1,""
482,"2026-07-20 20:14:42","10.0.0.138","10.0.0.129","admin","endpoint","file_access","low","T1005","User admin accessed //fileserver/hr",0,""
483,"2026-07-20 20:26:12","192.168.1.78","192.168.1.46","kpatel","auth","login_failed","medium","T1110","Failed VPN login attempt for user kpatel",1,""
484,"2026-07-20 20:38:39","192.168.1.64","10.0.0.58","mrodriguez","firewall","allowed_connection","low","","Outbound connection allowed to zoom.us",0,""
485,"2026-07-20 20:56:00","82.160.28.107","192.168.1.68","asingh","endpoint","unusual_login_time","medium","T1078","Login for asingh occurred outside normal hours",1,""
486,"2026-07-20 22:02:45","192.168.1.2","10.0.0.13","dchen","dns","dns_query","low","","DNS query resolved for office365.com",0,""
487,"2026-07-21 02:21:35","10.0.0.31","10.0.0.129","root","proxy","web_browsing","low","","User root browsed office365.com",0,""
488,"2026-07-21 02:29:06","10.0.0.38","10.0.0.137","svc_web","dns","dns_query","low","","DNS query resolved for github.com",0,""
489,"2026-07-21 03:25:07","192.168.1.41","192.168.1.247","dchen","dns","dns_query","low","","DNS query resolved for zoom.us",0,""
490,"2026-07-21 03:42:31","10.0.0.149","192.168.1.243","dchen","endpoint","file_access","low","T1005","User dchen accessed //fileserver/shared",0,""
491,"2026-07-21 06:44:58","192.168.1.243","10.0.0.7","jsmith","dns","dns_query","low","","DNS query resolved for slack.com",0,""
492,"2026-07-21 10:54:55","192.168.1.171","10.0.0.235","guest","auth","login_success","low","","Successful HTTPS login for user guest",0,""
493,"2026-07-21 11:15:55","192.168.1.153","192.168.1.241","rwilliams","endpoint","backup_job","low","","Backup job completed successfully on host",0,""
494,"2026-07-21 14:05:15","192.168.1.184","192.168.1.134","root","firewall","allowed_connection","low","","Outbound connection allowed to slack.com",0,""
495,"2026-07-21 14:30:09","192.168.1.112","192.168.1.5","root","endpoint","backup_job","low","","Backup job completed successfully on host",0,""
496,"2026-07-21 15:59:06","10.0.0.21","10.0.0.130","tnguyen","endpoint","backup_job","low","","Backup job completed successfully on host",0,""
497,"2026-07-21 18:27:00","78.77.180.25","192.168.1.138","admin","firewall","port_scan","high","T1046","Port scan detected, 34 ports probed from 78.77.180.25",1,""
498,"2026-07-21 20:33:59","10.0.0.109","10.0.0.40","svc_web","endpoint","software_update","low","","Scheduled update applied: backup.zip",0,""
499,"2026-07-21 23:06:12","10.0.0.42","192.168.1.53","admin","auth","login_failed","medium","T1110","Failed HTTP login attempt for user admin",1,""
500,"2026-07-21 23:29:25","10.0.0.29","10.0.0.111","jsmith","endpoint","file_access","low","T1005","User jsmith accessed //fileserver/finance",0,""
